"","date","series_id","value","realtime_start","realtime_end"
"1",1934-01-01,"TB3MS",0.72,2023-12-31,2023-12-31
"2",1934-02-01,"TB3MS",0.62,2023-12-31,2023-12-31
"3",1934-03-01,"TB3MS",0.24,2023-12-31,2023-12-31
"4",1934-04-01,"TB3MS",0.15,2023-12-31,2023-12-31
"5",1934-05-01,"TB3MS",0.16,2023-12-31,2023-12-31
"6",1934-06-01,"TB3MS",0.15,2023-12-31,2023-12-31
"7",1934-07-01,"TB3MS",0.15,2023-12-31,2023-12-31
"8",1934-08-01,"TB3MS",0.19,2023-12-31,2023-12-31
"9",1934-09-01,"TB3MS",0.21,2023-12-31,2023-12-31
"10",1934-10-01,"TB3MS",0.27,2023-12-31,2023-12-31
"11",1934-11-01,"TB3MS",0.25,2023-12-31,2023-12-31
"12",1934-12-01,"TB3MS",0.23,2023-12-31,2023-12-31
"13",1935-01-01,"TB3MS",0.2,2023-12-31,2023-12-31
"14",1935-02-01,"TB3MS",0.19,2023-12-31,2023-12-31
"15",1935-03-01,"TB3MS",0.15,2023-12-31,2023-12-31
"16",1935-04-01,"TB3MS",0.15,2023-12-31,2023-12-31
"17",1935-05-01,"TB3MS",0.15,2023-12-31,2023-12-31
"18",1935-06-01,"TB3MS",0.15,2023-12-31,2023-12-31
"19",1935-07-01,"TB3MS",0.15,2023-12-31,2023-12-31
"20",1935-08-01,"TB3MS",0.16,2023-12-31,2023-12-31
"21",1935-09-01,"TB3MS",0.2,2023-12-31,2023-12-31
"22",1935-10-01,"TB3MS",0.2,2023-12-31,2023-12-31
"23",1935-11-01,"TB3MS",0.16,2023-12-31,2023-12-31
"24",1935-12-01,"TB3MS",0.15,2023-12-31,2023-12-31
"25",1936-01-01,"TB3MS",0.2,2023-12-31,2023-12-31
"26",1936-02-01,"TB3MS",0.2,2023-12-31,2023-12-31
"27",1936-03-01,"TB3MS",0.2,2023-12-31,2023-12-31
"28",1936-04-01,"TB3MS",0.2,2023-12-31,2023-12-31
"29",1936-05-01,"TB3MS",0.2,2023-12-31,2023-12-31
"30",1936-06-01,"TB3MS",0.2,2023-12-31,2023-12-31
"31",1936-07-01,"TB3MS",0.15,2023-12-31,2023-12-31
"32",1936-08-01,"TB3MS",0.2,2023-12-31,2023-12-31
"33",1936-09-01,"TB3MS",0.16,2023-12-31,2023-12-31
"34",1936-10-01,"TB3MS",0.13,2023-12-31,2023-12-31
"35",1936-11-01,"TB3MS",0.11,2023-12-31,2023-12-31
"36",1936-12-01,"TB3MS",0.12,2023-12-31,2023-12-31
"37",1937-01-01,"TB3MS",0.17,2023-12-31,2023-12-31
"38",1937-02-01,"TB3MS",0.15,2023-12-31,2023-12-31
"39",1937-03-01,"TB3MS",0.38,2023-12-31,2023-12-31
"40",1937-04-01,"TB3MS",0.56,2023-12-31,2023-12-31
"41",1937-05-01,"TB3MS",0.41,2023-12-31,2023-12-31
"42",1937-06-01,"TB3MS",0.36,2023-12-31,2023-12-31
"43",1937-07-01,"TB3MS",0.28,2023-12-31,2023-12-31
"44",1937-08-01,"TB3MS",0.29,2023-12-31,2023-12-31
"45",1937-09-01,"TB3MS",0.31,2023-12-31,2023-12-31
"46",1937-10-01,"TB3MS",0.2,2023-12-31,2023-12-31
"47",1937-11-01,"TB3MS",0.09,2023-12-31,2023-12-31
"48",1937-12-01,"TB3MS",0.11,2023-12-31,2023-12-31
"49",1938-01-01,"TB3MS",0.1,2023-12-31,2023-12-31
"50",1938-02-01,"TB3MS",0.08,2023-12-31,2023-12-31
"51",1938-03-01,"TB3MS",0.08,2023-12-31,2023-12-31
"52",1938-04-01,"TB3MS",0.09,2023-12-31,2023-12-31
"53",1938-05-01,"TB3MS",0.05,2023-12-31,2023-12-31
"54",1938-06-01,"TB3MS",0.05,2023-12-31,2023-12-31
"55",1938-07-01,"TB3MS",0.07,2023-12-31,2023-12-31
"56",1938-08-01,"TB3MS",0.06,2023-12-31,2023-12-31
"57",1938-09-01,"TB3MS",0.08,2023-12-31,2023-12-31
"58",1938-10-01,"TB3MS",0.05,2023-12-31,2023-12-31
"59",1938-11-01,"TB3MS",0.04,2023-12-31,2023-12-31
"60",1938-12-01,"TB3MS",0.03,2023-12-31,2023-12-31
"61",1939-01-01,"TB3MS",0.03,2023-12-31,2023-12-31
"62",1939-02-01,"TB3MS",0.03,2023-12-31,2023-12-31
"63",1939-03-01,"TB3MS",0.03,2023-12-31,2023-12-31
"64",1939-04-01,"TB3MS",0.03,2023-12-31,2023-12-31
"65",1939-05-01,"TB3MS",0.03,2023-12-31,2023-12-31
"66",1939-06-01,"TB3MS",0.03,2023-12-31,2023-12-31
"67",1939-07-01,"TB3MS",0.04,2023-12-31,2023-12-31
"68",1939-08-01,"TB3MS",0.05,2023-12-31,2023-12-31
"69",1939-09-01,"TB3MS",0.14,2023-12-31,2023-12-31
"70",1939-10-01,"TB3MS",0.05,2023-12-31,2023-12-31
"71",1939-11-01,"TB3MS",0.05,2023-12-31,2023-12-31
"72",1939-12-01,"TB3MS",0.04,2023-12-31,2023-12-31
"73",1940-01-01,"TB3MS",0.01,2023-12-31,2023-12-31
"74",1940-02-01,"TB3MS",0.02,2023-12-31,2023-12-31
"75",1940-03-01,"TB3MS",0.02,2023-12-31,2023-12-31
"76",1940-04-01,"TB3MS",0.02,2023-12-31,2023-12-31
"77",1940-05-01,"TB3MS",0.06,2023-12-31,2023-12-31
"78",1940-06-01,"TB3MS",0.1,2023-12-31,2023-12-31
"79",1940-07-01,"TB3MS",0.05,2023-12-31,2023-12-31
"80",1940-08-01,"TB3MS",0.04,2023-12-31,2023-12-31
"81",1940-09-01,"TB3MS",0.05,2023-12-31,2023-12-31
"82",1940-10-01,"TB3MS",0.02,2023-12-31,2023-12-31
"83",1940-11-01,"TB3MS",0.02,2023-12-31,2023-12-31
"84",1940-12-01,"TB3MS",0.02,2023-12-31,2023-12-31
"85",1941-01-01,"TB3MS",0.02,2023-12-31,2023-12-31
"86",1941-02-01,"TB3MS",0.04,2023-12-31,2023-12-31
"87",1941-03-01,"TB3MS",0.11,2023-12-31,2023-12-31
"88",1941-04-01,"TB3MS",0.1,2023-12-31,2023-12-31
"89",1941-05-01,"TB3MS",0.11,2023-12-31,2023-12-31
"90",1941-06-01,"TB3MS",0.12,2023-12-31,2023-12-31
"91",1941-07-01,"TB3MS",0.12,2023-12-31,2023-12-31
"92",1941-08-01,"TB3MS",0.13,2023-12-31,2023-12-31
"93",1941-09-01,"TB3MS",0.1,2023-12-31,2023-12-31
"94",1941-10-01,"TB3MS",0.09,2023-12-31,2023-12-31
"95",1941-11-01,"TB3MS",0.28,2023-12-31,2023-12-31
"96",1941-12-01,"TB3MS",0.33,2023-12-31,2023-12-31
"97",1942-01-01,"TB3MS",0.27,2023-12-31,2023-12-31
"98",1942-02-01,"TB3MS",0.25,2023-12-31,2023-12-31
"99",1942-03-01,"TB3MS",0.25,2023-12-31,2023-12-31
"100",1942-04-01,"TB3MS",0.32,2023-12-31,2023-12-31
"101",1942-05-01,"TB3MS",0.37,2023-12-31,2023-12-31
"102",1942-06-01,"TB3MS",0.37,2023-12-31,2023-12-31
"103",1942-07-01,"TB3MS",0.38,2023-12-31,2023-12-31
"104",1942-08-01,"TB3MS",0.38,2023-12-31,2023-12-31
"105",1942-09-01,"TB3MS",0.38,2023-12-31,2023-12-31
"106",1942-10-01,"TB3MS",0.38,2023-12-31,2023-12-31
"107",1942-11-01,"TB3MS",0.38,2023-12-31,2023-12-31
"108",1942-12-01,"TB3MS",0.38,2023-12-31,2023-12-31
"109",1943-01-01,"TB3MS",0.38,2023-12-31,2023-12-31
"110",1943-02-01,"TB3MS",0.38,2023-12-31,2023-12-31
"111",1943-03-01,"TB3MS",0.38,2023-12-31,2023-12-31
"112",1943-04-01,"TB3MS",0.38,2023-12-31,2023-12-31
"113",1943-05-01,"TB3MS",0.38,2023-12-31,2023-12-31
"114",1943-06-01,"TB3MS",0.38,2023-12-31,2023-12-31
"115",1943-07-01,"TB3MS",0.38,2023-12-31,2023-12-31
"116",1943-08-01,"TB3MS",0.38,2023-12-31,2023-12-31
"117",1943-09-01,"TB3MS",0.38,2023-12-31,2023-12-31
"118",1943-10-01,"TB3MS",0.38,2023-12-31,2023-12-31
"119",1943-11-01,"TB3MS",0.38,2023-12-31,2023-12-31
"120",1943-12-01,"TB3MS",0.38,2023-12-31,2023-12-31
"121",1944-01-01,"TB3MS",0.38,2023-12-31,2023-12-31
"122",1944-02-01,"TB3MS",0.38,2023-12-31,2023-12-31
"123",1944-03-01,"TB3MS",0.38,2023-12-31,2023-12-31
"124",1944-04-01,"TB3MS",0.38,2023-12-31,2023-12-31
"125",1944-05-01,"TB3MS",0.38,2023-12-31,2023-12-31
"126",1944-06-01,"TB3MS",0.38,2023-12-31,2023-12-31
"127",1944-07-01,"TB3MS",0.38,2023-12-31,2023-12-31
"128",1944-08-01,"TB3MS",0.38,2023-12-31,2023-12-31
"129",1944-09-01,"TB3MS",0.38,2023-12-31,2023-12-31
"130",1944-10-01,"TB3MS",0.38,2023-12-31,2023-12-31
"131",1944-11-01,"TB3MS",0.38,2023-12-31,2023-12-31
"132",1944-12-01,"TB3MS",0.38,2023-12-31,2023-12-31
"133",1945-01-01,"TB3MS",0.38,2023-12-31,2023-12-31
"134",1945-02-01,"TB3MS",0.38,2023-12-31,2023-12-31
"135",1945-03-01,"TB3MS",0.38,2023-12-31,2023-12-31
"136",1945-04-01,"TB3MS",0.38,2023-12-31,2023-12-31
"137",1945-05-01,"TB3MS",0.38,2023-12-31,2023-12-31
"138",1945-06-01,"TB3MS",0.38,2023-12-31,2023-12-31
"139",1945-07-01,"TB3MS",0.38,2023-12-31,2023-12-31
"140",1945-08-01,"TB3MS",0.38,2023-12-31,2023-12-31
"141",1945-09-01,"TB3MS",0.38,2023-12-31,2023-12-31
"142",1945-10-01,"TB3MS",0.38,2023-12-31,2023-12-31
"143",1945-11-01,"TB3MS",0.38,2023-12-31,2023-12-31
"144",1945-12-01,"TB3MS",0.38,2023-12-31,2023-12-31
"145",1946-01-01,"TB3MS",0.38,2023-12-31,2023-12-31
"146",1946-02-01,"TB3MS",0.38,2023-12-31,2023-12-31
"147",1946-03-01,"TB3MS",0.38,2023-12-31,2023-12-31
"148",1946-04-01,"TB3MS",0.38,2023-12-31,2023-12-31
"149",1946-05-01,"TB3MS",0.38,2023-12-31,2023-12-31
"150",1946-06-01,"TB3MS",0.38,2023-12-31,2023-12-31
"151",1946-07-01,"TB3MS",0.38,2023-12-31,2023-12-31
"152",1946-08-01,"TB3MS",0.38,2023-12-31,2023-12-31
"153",1946-09-01,"TB3MS",0.38,2023-12-31,2023-12-31
"154",1946-10-01,"TB3MS",0.38,2023-12-31,2023-12-31
"155",1946-11-01,"TB3MS",0.38,2023-12-31,2023-12-31
"156",1946-12-01,"TB3MS",0.38,2023-12-31,2023-12-31
"157",1947-01-01,"TB3MS",0.38,2023-12-31,2023-12-31
"158",1947-02-01,"TB3MS",0.38,2023-12-31,2023-12-31
"159",1947-03-01,"TB3MS",0.38,2023-12-31,2023-12-31
"160",1947-04-01,"TB3MS",0.38,2023-12-31,2023-12-31
"161",1947-05-01,"TB3MS",0.38,2023-12-31,2023-12-31
"162",1947-06-01,"TB3MS",0.38,2023-12-31,2023-12-31
"163",1947-07-01,"TB3MS",0.66,2023-12-31,2023-12-31
"164",1947-08-01,"TB3MS",0.75,2023-12-31,2023-12-31
"165",1947-09-01,"TB3MS",0.8,2023-12-31,2023-12-31
"166",1947-10-01,"TB3MS",0.85,2023-12-31,2023-12-31
"167",1947-11-01,"TB3MS",0.92,2023-12-31,2023-12-31
"168",1947-12-01,"TB3MS",0.95,2023-12-31,2023-12-31
"169",1948-01-01,"TB3MS",0.97,2023-12-31,2023-12-31
"170",1948-02-01,"TB3MS",1,2023-12-31,2023-12-31
"171",1948-03-01,"TB3MS",1,2023-12-31,2023-12-31
"172",1948-04-01,"TB3MS",1,2023-12-31,2023-12-31
"173",1948-05-01,"TB3MS",1,2023-12-31,2023-12-31
"174",1948-06-01,"TB3MS",1,2023-12-31,2023-12-31
"175",1948-07-01,"TB3MS",1,2023-12-31,2023-12-31
"176",1948-08-01,"TB3MS",1.06,2023-12-31,2023-12-31
"177",1948-09-01,"TB3MS",1.09,2023-12-31,2023-12-31
"178",1948-10-01,"TB3MS",1.12,2023-12-31,2023-12-31
"179",1948-11-01,"TB3MS",1.14,2023-12-31,2023-12-31
"180",1948-12-01,"TB3MS",1.16,2023-12-31,2023-12-31
"181",1949-01-01,"TB3MS",1.17,2023-12-31,2023-12-31
"182",1949-02-01,"TB3MS",1.17,2023-12-31,2023-12-31
"183",1949-03-01,"TB3MS",1.17,2023-12-31,2023-12-31
"184",1949-04-01,"TB3MS",1.17,2023-12-31,2023-12-31
"185",1949-05-01,"TB3MS",1.17,2023-12-31,2023-12-31
"186",1949-06-01,"TB3MS",1.17,2023-12-31,2023-12-31
"187",1949-07-01,"TB3MS",1.02,2023-12-31,2023-12-31
"188",1949-08-01,"TB3MS",1.04,2023-12-31,2023-12-31
"189",1949-09-01,"TB3MS",1.07,2023-12-31,2023-12-31
"190",1949-10-01,"TB3MS",1.05,2023-12-31,2023-12-31
"191",1949-11-01,"TB3MS",1.08,2023-12-31,2023-12-31
"192",1949-12-01,"TB3MS",1.1,2023-12-31,2023-12-31
"193",1950-01-01,"TB3MS",1.07,2023-12-31,2023-12-31
"194",1950-02-01,"TB3MS",1.12,2023-12-31,2023-12-31
"195",1950-03-01,"TB3MS",1.12,2023-12-31,2023-12-31
"196",1950-04-01,"TB3MS",1.15,2023-12-31,2023-12-31
"197",1950-05-01,"TB3MS",1.16,2023-12-31,2023-12-31
"198",1950-06-01,"TB3MS",1.15,2023-12-31,2023-12-31
"199",1950-07-01,"TB3MS",1.16,2023-12-31,2023-12-31
"200",1950-08-01,"TB3MS",1.2,2023-12-31,2023-12-31
"201",1950-09-01,"TB3MS",1.3,2023-12-31,2023-12-31
"202",1950-10-01,"TB3MS",1.31,2023-12-31,2023-12-31
"203",1950-11-01,"TB3MS",1.36,2023-12-31,2023-12-31
"204",1950-12-01,"TB3MS",1.34,2023-12-31,2023-12-31
"205",1951-01-01,"TB3MS",1.34,2023-12-31,2023-12-31
"206",1951-02-01,"TB3MS",1.36,2023-12-31,2023-12-31
"207",1951-03-01,"TB3MS",1.4,2023-12-31,2023-12-31
"208",1951-04-01,"TB3MS",1.47,2023-12-31,2023-12-31
"209",1951-05-01,"TB3MS",1.55,2023-12-31,2023-12-31
"210",1951-06-01,"TB3MS",1.45,2023-12-31,2023-12-31
"211",1951-07-01,"TB3MS",1.56,2023-12-31,2023-12-31
"212",1951-08-01,"TB3MS",1.62,2023-12-31,2023-12-31
"213",1951-09-01,"TB3MS",1.63,2023-12-31,2023-12-31
"214",1951-10-01,"TB3MS",1.54,2023-12-31,2023-12-31
"215",1951-11-01,"TB3MS",1.56,2023-12-31,2023-12-31
"216",1951-12-01,"TB3MS",1.73,2023-12-31,2023-12-31
"217",1952-01-01,"TB3MS",1.57,2023-12-31,2023-12-31
"218",1952-02-01,"TB3MS",1.54,2023-12-31,2023-12-31
"219",1952-03-01,"TB3MS",1.59,2023-12-31,2023-12-31
"220",1952-04-01,"TB3MS",1.57,2023-12-31,2023-12-31
"221",1952-05-01,"TB3MS",1.67,2023-12-31,2023-12-31
"222",1952-06-01,"TB3MS",1.7,2023-12-31,2023-12-31
"223",1952-07-01,"TB3MS",1.81,2023-12-31,2023-12-31
"224",1952-08-01,"TB3MS",1.83,2023-12-31,2023-12-31
"225",1952-09-01,"TB3MS",1.71,2023-12-31,2023-12-31
"226",1952-10-01,"TB3MS",1.74,2023-12-31,2023-12-31
"227",1952-11-01,"TB3MS",1.85,2023-12-31,2023-12-31
"228",1952-12-01,"TB3MS",2.09,2023-12-31,2023-12-31
"229",1953-01-01,"TB3MS",1.96,2023-12-31,2023-12-31
"230",1953-02-01,"TB3MS",1.97,2023-12-31,2023-12-31
"231",1953-03-01,"TB3MS",2.01,2023-12-31,2023-12-31
"232",1953-04-01,"TB3MS",2.19,2023-12-31,2023-12-31
"233",1953-05-01,"TB3MS",2.16,2023-12-31,2023-12-31
"234",1953-06-01,"TB3MS",2.11,2023-12-31,2023-12-31
"235",1953-07-01,"TB3MS",2.04,2023-12-31,2023-12-31
"236",1953-08-01,"TB3MS",2.04,2023-12-31,2023-12-31
"237",1953-09-01,"TB3MS",1.79,2023-12-31,2023-12-31
"238",1953-10-01,"TB3MS",1.38,2023-12-31,2023-12-31
"239",1953-11-01,"TB3MS",1.44,2023-12-31,2023-12-31
"240",1953-12-01,"TB3MS",1.6,2023-12-31,2023-12-31
"241",1954-01-01,"TB3MS",1.18,2023-12-31,2023-12-31
"242",1954-02-01,"TB3MS",0.97,2023-12-31,2023-12-31
"243",1954-03-01,"TB3MS",1.03,2023-12-31,2023-12-31
"244",1954-04-01,"TB3MS",0.97,2023-12-31,2023-12-31
"245",1954-05-01,"TB3MS",0.76,2023-12-31,2023-12-31
"246",1954-06-01,"TB3MS",0.64,2023-12-31,2023-12-31
"247",1954-07-01,"TB3MS",0.72,2023-12-31,2023-12-31
"248",1954-08-01,"TB3MS",0.92,2023-12-31,2023-12-31
"249",1954-09-01,"TB3MS",1.01,2023-12-31,2023-12-31
"250",1954-10-01,"TB3MS",0.98,2023-12-31,2023-12-31
"251",1954-11-01,"TB3MS",0.93,2023-12-31,2023-12-31
"252",1954-12-01,"TB3MS",1.15,2023-12-31,2023-12-31
"253",1955-01-01,"TB3MS",1.22,2023-12-31,2023-12-31
"254",1955-02-01,"TB3MS",1.17,2023-12-31,2023-12-31
"255",1955-03-01,"TB3MS",1.28,2023-12-31,2023-12-31
"256",1955-04-01,"TB3MS",1.59,2023-12-31,2023-12-31
"257",1955-05-01,"TB3MS",1.45,2023-12-31,2023-12-31
"258",1955-06-01,"TB3MS",1.41,2023-12-31,2023-12-31
"259",1955-07-01,"TB3MS",1.6,2023-12-31,2023-12-31
"260",1955-08-01,"TB3MS",1.9,2023-12-31,2023-12-31
"261",1955-09-01,"TB3MS",2.07,2023-12-31,2023-12-31
"262",1955-10-01,"TB3MS",2.23,2023-12-31,2023-12-31
"263",1955-11-01,"TB3MS",2.24,2023-12-31,2023-12-31
"264",1955-12-01,"TB3MS",2.54,2023-12-31,2023-12-31
"265",1956-01-01,"TB3MS",2.41,2023-12-31,2023-12-31
"266",1956-02-01,"TB3MS",2.32,2023-12-31,2023-12-31
"267",1956-03-01,"TB3MS",2.25,2023-12-31,2023-12-31
"268",1956-04-01,"TB3MS",2.6,2023-12-31,2023-12-31
"269",1956-05-01,"TB3MS",2.61,2023-12-31,2023-12-31
"270",1956-06-01,"TB3MS",2.49,2023-12-31,2023-12-31
"271",1956-07-01,"TB3MS",2.31,2023-12-31,2023-12-31
"272",1956-08-01,"TB3MS",2.6,2023-12-31,2023-12-31
"273",1956-09-01,"TB3MS",2.84,2023-12-31,2023-12-31
"274",1956-10-01,"TB3MS",2.9,2023-12-31,2023-12-31
"275",1956-11-01,"TB3MS",2.99,2023-12-31,2023-12-31
"276",1956-12-01,"TB3MS",3.21,2023-12-31,2023-12-31
"277",1957-01-01,"TB3MS",3.11,2023-12-31,2023-12-31
"278",1957-02-01,"TB3MS",3.1,2023-12-31,2023-12-31
"279",1957-03-01,"TB3MS",3.08,2023-12-31,2023-12-31
"280",1957-04-01,"TB3MS",3.07,2023-12-31,2023-12-31
"281",1957-05-01,"TB3MS",3.06,2023-12-31,2023-12-31
"282",1957-06-01,"TB3MS",3.29,2023-12-31,2023-12-31
"283",1957-07-01,"TB3MS",3.16,2023-12-31,2023-12-31
"284",1957-08-01,"TB3MS",3.37,2023-12-31,2023-12-31
"285",1957-09-01,"TB3MS",3.53,2023-12-31,2023-12-31
"286",1957-10-01,"TB3MS",3.58,2023-12-31,2023-12-31
"287",1957-11-01,"TB3MS",3.31,2023-12-31,2023-12-31
"288",1957-12-01,"TB3MS",3.04,2023-12-31,2023-12-31
"289",1958-01-01,"TB3MS",2.44,2023-12-31,2023-12-31
"290",1958-02-01,"TB3MS",1.53,2023-12-31,2023-12-31
"291",1958-03-01,"TB3MS",1.3,2023-12-31,2023-12-31
"292",1958-04-01,"TB3MS",1.13,2023-12-31,2023-12-31
"293",1958-05-01,"TB3MS",0.91,2023-12-31,2023-12-31
"294",1958-06-01,"TB3MS",0.83,2023-12-31,2023-12-31
"295",1958-07-01,"TB3MS",0.91,2023-12-31,2023-12-31
"296",1958-08-01,"TB3MS",1.69,2023-12-31,2023-12-31
"297",1958-09-01,"TB3MS",2.44,2023-12-31,2023-12-31
"298",1958-10-01,"TB3MS",2.63,2023-12-31,2023-12-31
"299",1958-11-01,"TB3MS",2.67,2023-12-31,2023-12-31
"300",1958-12-01,"TB3MS",2.77,2023-12-31,2023-12-31
"301",1959-01-01,"TB3MS",2.82,2023-12-31,2023-12-31
"302",1959-02-01,"TB3MS",2.7,2023-12-31,2023-12-31
"303",1959-03-01,"TB3MS",2.8,2023-12-31,2023-12-31
"304",1959-04-01,"TB3MS",2.95,2023-12-31,2023-12-31
"305",1959-05-01,"TB3MS",2.84,2023-12-31,2023-12-31
"306",1959-06-01,"TB3MS",3.21,2023-12-31,2023-12-31
"307",1959-07-01,"TB3MS",3.2,2023-12-31,2023-12-31
"308",1959-08-01,"TB3MS",3.38,2023-12-31,2023-12-31
"309",1959-09-01,"TB3MS",4.04,2023-12-31,2023-12-31
"310",1959-10-01,"TB3MS",4.05,2023-12-31,2023-12-31
"311",1959-11-01,"TB3MS",4.15,2023-12-31,2023-12-31
"312",1959-12-01,"TB3MS",4.49,2023-12-31,2023-12-31
"313",1960-01-01,"TB3MS",4.35,2023-12-31,2023-12-31
"314",1960-02-01,"TB3MS",3.96,2023-12-31,2023-12-31
"315",1960-03-01,"TB3MS",3.31,2023-12-31,2023-12-31
"316",1960-04-01,"TB3MS",3.23,2023-12-31,2023-12-31
"317",1960-05-01,"TB3MS",3.29,2023-12-31,2023-12-31
"318",1960-06-01,"TB3MS",2.46,2023-12-31,2023-12-31
"319",1960-07-01,"TB3MS",2.3,2023-12-31,2023-12-31
"320",1960-08-01,"TB3MS",2.3,2023-12-31,2023-12-31
"321",1960-09-01,"TB3MS",2.48,2023-12-31,2023-12-31
"322",1960-10-01,"TB3MS",2.3,2023-12-31,2023-12-31
"323",1960-11-01,"TB3MS",2.37,2023-12-31,2023-12-31
"324",1960-12-01,"TB3MS",2.25,2023-12-31,2023-12-31
"325",1961-01-01,"TB3MS",2.24,2023-12-31,2023-12-31
"326",1961-02-01,"TB3MS",2.42,2023-12-31,2023-12-31
"327",1961-03-01,"TB3MS",2.39,2023-12-31,2023-12-31
"328",1961-04-01,"TB3MS",2.29,2023-12-31,2023-12-31
"329",1961-05-01,"TB3MS",2.29,2023-12-31,2023-12-31
"330",1961-06-01,"TB3MS",2.33,2023-12-31,2023-12-31
"331",1961-07-01,"TB3MS",2.24,2023-12-31,2023-12-31
"332",1961-08-01,"TB3MS",2.39,2023-12-31,2023-12-31
"333",1961-09-01,"TB3MS",2.28,2023-12-31,2023-12-31
"334",1961-10-01,"TB3MS",2.3,2023-12-31,2023-12-31
"335",1961-11-01,"TB3MS",2.48,2023-12-31,2023-12-31
"336",1961-12-01,"TB3MS",2.6,2023-12-31,2023-12-31
"337",1962-01-01,"TB3MS",2.72,2023-12-31,2023-12-31
"338",1962-02-01,"TB3MS",2.73,2023-12-31,2023-12-31
"339",1962-03-01,"TB3MS",2.72,2023-12-31,2023-12-31
"340",1962-04-01,"TB3MS",2.73,2023-12-31,2023-12-31
"341",1962-05-01,"TB3MS",2.69,2023-12-31,2023-12-31
"342",1962-06-01,"TB3MS",2.73,2023-12-31,2023-12-31
"343",1962-07-01,"TB3MS",2.92,2023-12-31,2023-12-31
"344",1962-08-01,"TB3MS",2.82,2023-12-31,2023-12-31
"345",1962-09-01,"TB3MS",2.78,2023-12-31,2023-12-31
"346",1962-10-01,"TB3MS",2.74,2023-12-31,2023-12-31
"347",1962-11-01,"TB3MS",2.83,2023-12-31,2023-12-31
"348",1962-12-01,"TB3MS",2.87,2023-12-31,2023-12-31
"349",1963-01-01,"TB3MS",2.91,2023-12-31,2023-12-31
"350",1963-02-01,"TB3MS",2.92,2023-12-31,2023-12-31
"351",1963-03-01,"TB3MS",2.89,2023-12-31,2023-12-31
"352",1963-04-01,"TB3MS",2.9,2023-12-31,2023-12-31
"353",1963-05-01,"TB3MS",2.93,2023-12-31,2023-12-31
"354",1963-06-01,"TB3MS",2.99,2023-12-31,2023-12-31
"355",1963-07-01,"TB3MS",3.18,2023-12-31,2023-12-31
"356",1963-08-01,"TB3MS",3.32,2023-12-31,2023-12-31
"357",1963-09-01,"TB3MS",3.38,2023-12-31,2023-12-31
"358",1963-10-01,"TB3MS",3.45,2023-12-31,2023-12-31
"359",1963-11-01,"TB3MS",3.52,2023-12-31,2023-12-31
"360",1963-12-01,"TB3MS",3.52,2023-12-31,2023-12-31
"361",1964-01-01,"TB3MS",3.52,2023-12-31,2023-12-31
"362",1964-02-01,"TB3MS",3.53,2023-12-31,2023-12-31
"363",1964-03-01,"TB3MS",3.54,2023-12-31,2023-12-31
"364",1964-04-01,"TB3MS",3.47,2023-12-31,2023-12-31
"365",1964-05-01,"TB3MS",3.48,2023-12-31,2023-12-31
"366",1964-06-01,"TB3MS",3.48,2023-12-31,2023-12-31
"367",1964-07-01,"TB3MS",3.46,2023-12-31,2023-12-31
"368",1964-08-01,"TB3MS",3.5,2023-12-31,2023-12-31
"369",1964-09-01,"TB3MS",3.53,2023-12-31,2023-12-31
"370",1964-10-01,"TB3MS",3.57,2023-12-31,2023-12-31
"371",1964-11-01,"TB3MS",3.64,2023-12-31,2023-12-31
"372",1964-12-01,"TB3MS",3.84,2023-12-31,2023-12-31
"373",1965-01-01,"TB3MS",3.81,2023-12-31,2023-12-31
"374",1965-02-01,"TB3MS",3.93,2023-12-31,2023-12-31
"375",1965-03-01,"TB3MS",3.93,2023-12-31,2023-12-31
"376",1965-04-01,"TB3MS",3.93,2023-12-31,2023-12-31
"377",1965-05-01,"TB3MS",3.89,2023-12-31,2023-12-31
"378",1965-06-01,"TB3MS",3.8,2023-12-31,2023-12-31
"379",1965-07-01,"TB3MS",3.84,2023-12-31,2023-12-31
"380",1965-08-01,"TB3MS",3.84,2023-12-31,2023-12-31
"381",1965-09-01,"TB3MS",3.92,2023-12-31,2023-12-31
"382",1965-10-01,"TB3MS",4.03,2023-12-31,2023-12-31
"383",1965-11-01,"TB3MS",4.09,2023-12-31,2023-12-31
"384",1965-12-01,"TB3MS",4.38,2023-12-31,2023-12-31
"385",1966-01-01,"TB3MS",4.59,2023-12-31,2023-12-31
"386",1966-02-01,"TB3MS",4.65,2023-12-31,2023-12-31
"387",1966-03-01,"TB3MS",4.59,2023-12-31,2023-12-31
"388",1966-04-01,"TB3MS",4.62,2023-12-31,2023-12-31
"389",1966-05-01,"TB3MS",4.64,2023-12-31,2023-12-31
"390",1966-06-01,"TB3MS",4.5,2023-12-31,2023-12-31
"391",1966-07-01,"TB3MS",4.8,2023-12-31,2023-12-31
"392",1966-08-01,"TB3MS",4.96,2023-12-31,2023-12-31
"393",1966-09-01,"TB3MS",5.37,2023-12-31,2023-12-31
"394",1966-10-01,"TB3MS",5.35,2023-12-31,2023-12-31
"395",1966-11-01,"TB3MS",5.32,2023-12-31,2023-12-31
"396",1966-12-01,"TB3MS",4.96,2023-12-31,2023-12-31
"397",1967-01-01,"TB3MS",4.72,2023-12-31,2023-12-31
"398",1967-02-01,"TB3MS",4.56,2023-12-31,2023-12-31
"399",1967-03-01,"TB3MS",4.26,2023-12-31,2023-12-31
"400",1967-04-01,"TB3MS",3.84,2023-12-31,2023-12-31
"401",1967-05-01,"TB3MS",3.6,2023-12-31,2023-12-31
"402",1967-06-01,"TB3MS",3.54,2023-12-31,2023-12-31
"403",1967-07-01,"TB3MS",4.21,2023-12-31,2023-12-31
"404",1967-08-01,"TB3MS",4.27,2023-12-31,2023-12-31
"405",1967-09-01,"TB3MS",4.42,2023-12-31,2023-12-31
"406",1967-10-01,"TB3MS",4.56,2023-12-31,2023-12-31
"407",1967-11-01,"TB3MS",4.73,2023-12-31,2023-12-31
"408",1967-12-01,"TB3MS",4.97,2023-12-31,2023-12-31
"409",1968-01-01,"TB3MS",5,2023-12-31,2023-12-31
"410",1968-02-01,"TB3MS",4.98,2023-12-31,2023-12-31
"411",1968-03-01,"TB3MS",5.17,2023-12-31,2023-12-31
"412",1968-04-01,"TB3MS",5.38,2023-12-31,2023-12-31
"413",1968-05-01,"TB3MS",5.66,2023-12-31,2023-12-31
"414",1968-06-01,"TB3MS",5.52,2023-12-31,2023-12-31
"415",1968-07-01,"TB3MS",5.31,2023-12-31,2023-12-31
"416",1968-08-01,"TB3MS",5.09,2023-12-31,2023-12-31
"417",1968-09-01,"TB3MS",5.19,2023-12-31,2023-12-31
"418",1968-10-01,"TB3MS",5.35,2023-12-31,2023-12-31
"419",1968-11-01,"TB3MS",5.45,2023-12-31,2023-12-31
"420",1968-12-01,"TB3MS",5.96,2023-12-31,2023-12-31
"421",1969-01-01,"TB3MS",6.14,2023-12-31,2023-12-31
"422",1969-02-01,"TB3MS",6.12,2023-12-31,2023-12-31
"423",1969-03-01,"TB3MS",6.02,2023-12-31,2023-12-31
"424",1969-04-01,"TB3MS",6.11,2023-12-31,2023-12-31
"425",1969-05-01,"TB3MS",6.04,2023-12-31,2023-12-31
"426",1969-06-01,"TB3MS",6.44,2023-12-31,2023-12-31
"427",1969-07-01,"TB3MS",7,2023-12-31,2023-12-31
"428",1969-08-01,"TB3MS",6.98,2023-12-31,2023-12-31
"429",1969-09-01,"TB3MS",7.09,2023-12-31,2023-12-31
"430",1969-10-01,"TB3MS",7,2023-12-31,2023-12-31
"431",1969-11-01,"TB3MS",7.24,2023-12-31,2023-12-31
"432",1969-12-01,"TB3MS",7.82,2023-12-31,2023-12-31
"433",1970-01-01,"TB3MS",7.87,2023-12-31,2023-12-31
"434",1970-02-01,"TB3MS",7.13,2023-12-31,2023-12-31
"435",1970-03-01,"TB3MS",6.63,2023-12-31,2023-12-31
"436",1970-04-01,"TB3MS",6.51,2023-12-31,2023-12-31
"437",1970-05-01,"TB3MS",6.84,2023-12-31,2023-12-31
"438",1970-06-01,"TB3MS",6.68,2023-12-31,2023-12-31
"439",1970-07-01,"TB3MS",6.45,2023-12-31,2023-12-31
"440",1970-08-01,"TB3MS",6.41,2023-12-31,2023-12-31
"441",1970-09-01,"TB3MS",6.12,2023-12-31,2023-12-31
"442",1970-10-01,"TB3MS",5.91,2023-12-31,2023-12-31
"443",1970-11-01,"TB3MS",5.28,2023-12-31,2023-12-31
"444",1970-12-01,"TB3MS",4.87,2023-12-31,2023-12-31
"445",1971-01-01,"TB3MS",4.44,2023-12-31,2023-12-31
"446",1971-02-01,"TB3MS",3.7,2023-12-31,2023-12-31
"447",1971-03-01,"TB3MS",3.38,2023-12-31,2023-12-31
"448",1971-04-01,"TB3MS",3.86,2023-12-31,2023-12-31
"449",1971-05-01,"TB3MS",4.14,2023-12-31,2023-12-31
"450",1971-06-01,"TB3MS",4.75,2023-12-31,2023-12-31
"451",1971-07-01,"TB3MS",5.4,2023-12-31,2023-12-31
"452",1971-08-01,"TB3MS",4.94,2023-12-31,2023-12-31
"453",1971-09-01,"TB3MS",4.69,2023-12-31,2023-12-31
"454",1971-10-01,"TB3MS",4.46,2023-12-31,2023-12-31
"455",1971-11-01,"TB3MS",4.22,2023-12-31,2023-12-31
"456",1971-12-01,"TB3MS",4.01,2023-12-31,2023-12-31
"457",1972-01-01,"TB3MS",3.38,2023-12-31,2023-12-31
"458",1972-02-01,"TB3MS",3.2,2023-12-31,2023-12-31
"459",1972-03-01,"TB3MS",3.73,2023-12-31,2023-12-31
"460",1972-04-01,"TB3MS",3.71,2023-12-31,2023-12-31
"461",1972-05-01,"TB3MS",3.69,2023-12-31,2023-12-31
"462",1972-06-01,"TB3MS",3.91,2023-12-31,2023-12-31
"463",1972-07-01,"TB3MS",3.98,2023-12-31,2023-12-31
"464",1972-08-01,"TB3MS",4.02,2023-12-31,2023-12-31
"465",1972-09-01,"TB3MS",4.66,2023-12-31,2023-12-31
"466",1972-10-01,"TB3MS",4.74,2023-12-31,2023-12-31
"467",1972-11-01,"TB3MS",4.78,2023-12-31,2023-12-31
"468",1972-12-01,"TB3MS",5.07,2023-12-31,2023-12-31
"469",1973-01-01,"TB3MS",5.41,2023-12-31,2023-12-31
"470",1973-02-01,"TB3MS",5.6,2023-12-31,2023-12-31
"471",1973-03-01,"TB3MS",6.09,2023-12-31,2023-12-31
"472",1973-04-01,"TB3MS",6.26,2023-12-31,2023-12-31
"473",1973-05-01,"TB3MS",6.36,2023-12-31,2023-12-31
"474",1973-06-01,"TB3MS",7.19,2023-12-31,2023-12-31
"475",1973-07-01,"TB3MS",8.01,2023-12-31,2023-12-31
"476",1973-08-01,"TB3MS",8.67,2023-12-31,2023-12-31
"477",1973-09-01,"TB3MS",8.29,2023-12-31,2023-12-31
"478",1973-10-01,"TB3MS",7.22,2023-12-31,2023-12-31
"479",1973-11-01,"TB3MS",7.83,2023-12-31,2023-12-31
"480",1973-12-01,"TB3MS",7.45,2023-12-31,2023-12-31
"481",1974-01-01,"TB3MS",7.77,2023-12-31,2023-12-31
"482",1974-02-01,"TB3MS",7.12,2023-12-31,2023-12-31
"483",1974-03-01,"TB3MS",7.96,2023-12-31,2023-12-31
"484",1974-04-01,"TB3MS",8.33,2023-12-31,2023-12-31
"485",1974-05-01,"TB3MS",8.23,2023-12-31,2023-12-31
"486",1974-06-01,"TB3MS",7.9,2023-12-31,2023-12-31
"487",1974-07-01,"TB3MS",7.55,2023-12-31,2023-12-31
"488",1974-08-01,"TB3MS",8.96,2023-12-31,2023-12-31
"489",1974-09-01,"TB3MS",8.06,2023-12-31,2023-12-31
"490",1974-10-01,"TB3MS",7.46,2023-12-31,2023-12-31
"491",1974-11-01,"TB3MS",7.47,2023-12-31,2023-12-31
"492",1974-12-01,"TB3MS",7.15,2023-12-31,2023-12-31
"493",1975-01-01,"TB3MS",6.26,2023-12-31,2023-12-31
"494",1975-02-01,"TB3MS",5.5,2023-12-31,2023-12-31
"495",1975-03-01,"TB3MS",5.49,2023-12-31,2023-12-31
"496",1975-04-01,"TB3MS",5.61,2023-12-31,2023-12-31
"497",1975-05-01,"TB3MS",5.23,2023-12-31,2023-12-31
"498",1975-06-01,"TB3MS",5.34,2023-12-31,2023-12-31
"499",1975-07-01,"TB3MS",6.13,2023-12-31,2023-12-31
"500",1975-08-01,"TB3MS",6.44,2023-12-31,2023-12-31
"501",1975-09-01,"TB3MS",6.42,2023-12-31,2023-12-31
"502",1975-10-01,"TB3MS",5.96,2023-12-31,2023-12-31
"503",1975-11-01,"TB3MS",5.48,2023-12-31,2023-12-31
"504",1975-12-01,"TB3MS",5.44,2023-12-31,2023-12-31
"505",1976-01-01,"TB3MS",4.87,2023-12-31,2023-12-31
"506",1976-02-01,"TB3MS",4.88,2023-12-31,2023-12-31
"507",1976-03-01,"TB3MS",5,2023-12-31,2023-12-31
"508",1976-04-01,"TB3MS",4.86,2023-12-31,2023-12-31
"509",1976-05-01,"TB3MS",5.2,2023-12-31,2023-12-31
"510",1976-06-01,"TB3MS",5.41,2023-12-31,2023-12-31
"511",1976-07-01,"TB3MS",5.23,2023-12-31,2023-12-31
"512",1976-08-01,"TB3MS",5.14,2023-12-31,2023-12-31
"513",1976-09-01,"TB3MS",5.08,2023-12-31,2023-12-31
"514",1976-10-01,"TB3MS",4.92,2023-12-31,2023-12-31
"515",1976-11-01,"TB3MS",4.75,2023-12-31,2023-12-31
"516",1976-12-01,"TB3MS",4.35,2023-12-31,2023-12-31
"517",1977-01-01,"TB3MS",4.62,2023-12-31,2023-12-31
"518",1977-02-01,"TB3MS",4.67,2023-12-31,2023-12-31
"519",1977-03-01,"TB3MS",4.6,2023-12-31,2023-12-31
"520",1977-04-01,"TB3MS",4.54,2023-12-31,2023-12-31
"521",1977-05-01,"TB3MS",4.96,2023-12-31,2023-12-31
"522",1977-06-01,"TB3MS",5.02,2023-12-31,2023-12-31
"523",1977-07-01,"TB3MS",5.19,2023-12-31,2023-12-31
"524",1977-08-01,"TB3MS",5.49,2023-12-31,2023-12-31
"525",1977-09-01,"TB3MS",5.81,2023-12-31,2023-12-31
"526",1977-10-01,"TB3MS",6.16,2023-12-31,2023-12-31
"527",1977-11-01,"TB3MS",6.1,2023-12-31,2023-12-31
"528",1977-12-01,"TB3MS",6.07,2023-12-31,2023-12-31
"529",1978-01-01,"TB3MS",6.44,2023-12-31,2023-12-31
"530",1978-02-01,"TB3MS",6.45,2023-12-31,2023-12-31
"531",1978-03-01,"TB3MS",6.29,2023-12-31,2023-12-31
"532",1978-04-01,"TB3MS",6.29,2023-12-31,2023-12-31
"533",1978-05-01,"TB3MS",6.41,2023-12-31,2023-12-31
"534",1978-06-01,"TB3MS",6.73,2023-12-31,2023-12-31
"535",1978-07-01,"TB3MS",7.01,2023-12-31,2023-12-31
"536",1978-08-01,"TB3MS",7.08,2023-12-31,2023-12-31
"537",1978-09-01,"TB3MS",7.85,2023-12-31,2023-12-31
"538",1978-10-01,"TB3MS",7.99,2023-12-31,2023-12-31
"539",1978-11-01,"TB3MS",8.64,2023-12-31,2023-12-31
"540",1978-12-01,"TB3MS",9.08,2023-12-31,2023-12-31
"541",1979-01-01,"TB3MS",9.35,2023-12-31,2023-12-31
"542",1979-02-01,"TB3MS",9.32,2023-12-31,2023-12-31
"543",1979-03-01,"TB3MS",9.48,2023-12-31,2023-12-31
"544",1979-04-01,"TB3MS",9.46,2023-12-31,2023-12-31
"545",1979-05-01,"TB3MS",9.61,2023-12-31,2023-12-31
"546",1979-06-01,"TB3MS",9.06,2023-12-31,2023-12-31
"547",1979-07-01,"TB3MS",9.24,2023-12-31,2023-12-31
"548",1979-08-01,"TB3MS",9.52,2023-12-31,2023-12-31
"549",1979-09-01,"TB3MS",10.26,2023-12-31,2023-12-31
"550",1979-10-01,"TB3MS",11.7,2023-12-31,2023-12-31
"551",1979-11-01,"TB3MS",11.79,2023-12-31,2023-12-31
"552",1979-12-01,"TB3MS",12.04,2023-12-31,2023-12-31
"553",1980-01-01,"TB3MS",12,2023-12-31,2023-12-31
"554",1980-02-01,"TB3MS",12.86,2023-12-31,2023-12-31
"555",1980-03-01,"TB3MS",15.2,2023-12-31,2023-12-31
"556",1980-04-01,"TB3MS",13.2,2023-12-31,2023-12-31
"557",1980-05-01,"TB3MS",8.58,2023-12-31,2023-12-31
"558",1980-06-01,"TB3MS",7.07,2023-12-31,2023-12-31
"559",1980-07-01,"TB3MS",8.06,2023-12-31,2023-12-31
"560",1980-08-01,"TB3MS",9.13,2023-12-31,2023-12-31
"561",1980-09-01,"TB3MS",10.27,2023-12-31,2023-12-31
"562",1980-10-01,"TB3MS",11.62,2023-12-31,2023-12-31
"563",1980-11-01,"TB3MS",13.73,2023-12-31,2023-12-31
"564",1980-12-01,"TB3MS",15.49,2023-12-31,2023-12-31
"565",1981-01-01,"TB3MS",15.02,2023-12-31,2023-12-31
"566",1981-02-01,"TB3MS",14.79,2023-12-31,2023-12-31
"567",1981-03-01,"TB3MS",13.36,2023-12-31,2023-12-31
"568",1981-04-01,"TB3MS",13.69,2023-12-31,2023-12-31
"569",1981-05-01,"TB3MS",16.3,2023-12-31,2023-12-31
"570",1981-06-01,"TB3MS",14.73,2023-12-31,2023-12-31
"571",1981-07-01,"TB3MS",14.95,2023-12-31,2023-12-31
"572",1981-08-01,"TB3MS",15.51,2023-12-31,2023-12-31
"573",1981-09-01,"TB3MS",14.7,2023-12-31,2023-12-31
"574",1981-10-01,"TB3MS",13.54,2023-12-31,2023-12-31
"575",1981-11-01,"TB3MS",10.86,2023-12-31,2023-12-31
"576",1981-12-01,"TB3MS",10.85,2023-12-31,2023-12-31
"577",1982-01-01,"TB3MS",12.28,2023-12-31,2023-12-31
"578",1982-02-01,"TB3MS",13.48,2023-12-31,2023-12-31
"579",1982-03-01,"TB3MS",12.68,2023-12-31,2023-12-31
"580",1982-04-01,"TB3MS",12.7,2023-12-31,2023-12-31
"581",1982-05-01,"TB3MS",12.09,2023-12-31,2023-12-31
"582",1982-06-01,"TB3MS",12.47,2023-12-31,2023-12-31
"583",1982-07-01,"TB3MS",11.35,2023-12-31,2023-12-31
"584",1982-08-01,"TB3MS",8.68,2023-12-31,2023-12-31
"585",1982-09-01,"TB3MS",7.92,2023-12-31,2023-12-31
"586",1982-10-01,"TB3MS",7.71,2023-12-31,2023-12-31
"587",1982-11-01,"TB3MS",8.07,2023-12-31,2023-12-31
"588",1982-12-01,"TB3MS",7.94,2023-12-31,2023-12-31
"589",1983-01-01,"TB3MS",7.86,2023-12-31,2023-12-31
"590",1983-02-01,"TB3MS",8.11,2023-12-31,2023-12-31
"591",1983-03-01,"TB3MS",8.35,2023-12-31,2023-12-31
"592",1983-04-01,"TB3MS",8.21,2023-12-31,2023-12-31
"593",1983-05-01,"TB3MS",8.19,2023-12-31,2023-12-31
"594",1983-06-01,"TB3MS",8.79,2023-12-31,2023-12-31
"595",1983-07-01,"TB3MS",9.08,2023-12-31,2023-12-31
"596",1983-08-01,"TB3MS",9.34,2023-12-31,2023-12-31
"597",1983-09-01,"TB3MS",9,2023-12-31,2023-12-31
"598",1983-10-01,"TB3MS",8.64,2023-12-31,2023-12-31
"599",1983-11-01,"TB3MS",8.76,2023-12-31,2023-12-31
"600",1983-12-01,"TB3MS",9,2023-12-31,2023-12-31
"601",1984-01-01,"TB3MS",8.9,2023-12-31,2023-12-31
"602",1984-02-01,"TB3MS",9.09,2023-12-31,2023-12-31
"603",1984-03-01,"TB3MS",9.52,2023-12-31,2023-12-31
"604",1984-04-01,"TB3MS",9.69,2023-12-31,2023-12-31
"605",1984-05-01,"TB3MS",9.83,2023-12-31,2023-12-31
"606",1984-06-01,"TB3MS",9.87,2023-12-31,2023-12-31
"607",1984-07-01,"TB3MS",10.12,2023-12-31,2023-12-31
"608",1984-08-01,"TB3MS",10.47,2023-12-31,2023-12-31
"609",1984-09-01,"TB3MS",10.37,2023-12-31,2023-12-31
"610",1984-10-01,"TB3MS",9.74,2023-12-31,2023-12-31
"611",1984-11-01,"TB3MS",8.61,2023-12-31,2023-12-31
"612",1984-12-01,"TB3MS",8.06,2023-12-31,2023-12-31
"613",1985-01-01,"TB3MS",7.76,2023-12-31,2023-12-31
"614",1985-02-01,"TB3MS",8.27,2023-12-31,2023-12-31
"615",1985-03-01,"TB3MS",8.52,2023-12-31,2023-12-31
"616",1985-04-01,"TB3MS",7.95,2023-12-31,2023-12-31
"617",1985-05-01,"TB3MS",7.48,2023-12-31,2023-12-31
"618",1985-06-01,"TB3MS",6.95,2023-12-31,2023-12-31
"619",1985-07-01,"TB3MS",7.08,2023-12-31,2023-12-31
"620",1985-08-01,"TB3MS",7.14,2023-12-31,2023-12-31
"621",1985-09-01,"TB3MS",7.1,2023-12-31,2023-12-31
"622",1985-10-01,"TB3MS",7.16,2023-12-31,2023-12-31
"623",1985-11-01,"TB3MS",7.24,2023-12-31,2023-12-31
"624",1985-12-01,"TB3MS",7.1,2023-12-31,2023-12-31
"625",1986-01-01,"TB3MS",7.07,2023-12-31,2023-12-31
"626",1986-02-01,"TB3MS",7.06,2023-12-31,2023-12-31
"627",1986-03-01,"TB3MS",6.56,2023-12-31,2023-12-31
"628",1986-04-01,"TB3MS",6.06,2023-12-31,2023-12-31
"629",1986-05-01,"TB3MS",6.15,2023-12-31,2023-12-31
"630",1986-06-01,"TB3MS",6.21,2023-12-31,2023-12-31
"631",1986-07-01,"TB3MS",5.83,2023-12-31,2023-12-31
"632",1986-08-01,"TB3MS",5.53,2023-12-31,2023-12-31
"633",1986-09-01,"TB3MS",5.21,2023-12-31,2023-12-31
"634",1986-10-01,"TB3MS",5.18,2023-12-31,2023-12-31
"635",1986-11-01,"TB3MS",5.35,2023-12-31,2023-12-31
"636",1986-12-01,"TB3MS",5.53,2023-12-31,2023-12-31
"637",1987-01-01,"TB3MS",5.43,2023-12-31,2023-12-31
"638",1987-02-01,"TB3MS",5.59,2023-12-31,2023-12-31
"639",1987-03-01,"TB3MS",5.59,2023-12-31,2023-12-31
"640",1987-04-01,"TB3MS",5.64,2023-12-31,2023-12-31
"641",1987-05-01,"TB3MS",5.66,2023-12-31,2023-12-31
"642",1987-06-01,"TB3MS",5.67,2023-12-31,2023-12-31
"643",1987-07-01,"TB3MS",5.69,2023-12-31,2023-12-31
"644",1987-08-01,"TB3MS",6.04,2023-12-31,2023-12-31
"645",1987-09-01,"TB3MS",6.4,2023-12-31,2023-12-31
"646",1987-10-01,"TB3MS",6.13,2023-12-31,2023-12-31
"647",1987-11-01,"TB3MS",5.69,2023-12-31,2023-12-31
"648",1987-12-01,"TB3MS",5.77,2023-12-31,2023-12-31
"649",1988-01-01,"TB3MS",5.81,2023-12-31,2023-12-31
"650",1988-02-01,"TB3MS",5.66,2023-12-31,2023-12-31
"651",1988-03-01,"TB3MS",5.7,2023-12-31,2023-12-31
"652",1988-04-01,"TB3MS",5.91,2023-12-31,2023-12-31
"653",1988-05-01,"TB3MS",6.26,2023-12-31,2023-12-31
"654",1988-06-01,"TB3MS",6.46,2023-12-31,2023-12-31
"655",1988-07-01,"TB3MS",6.73,2023-12-31,2023-12-31
"656",1988-08-01,"TB3MS",7.06,2023-12-31,2023-12-31
"657",1988-09-01,"TB3MS",7.24,2023-12-31,2023-12-31
"658",1988-10-01,"TB3MS",7.35,2023-12-31,2023-12-31
"659",1988-11-01,"TB3MS",7.76,2023-12-31,2023-12-31
"660",1988-12-01,"TB3MS",8.07,2023-12-31,2023-12-31
"661",1989-01-01,"TB3MS",8.27,2023-12-31,2023-12-31
"662",1989-02-01,"TB3MS",8.53,2023-12-31,2023-12-31
"663",1989-03-01,"TB3MS",8.82,2023-12-31,2023-12-31
"664",1989-04-01,"TB3MS",8.65,2023-12-31,2023-12-31
"665",1989-05-01,"TB3MS",8.43,2023-12-31,2023-12-31
"666",1989-06-01,"TB3MS",8.15,2023-12-31,2023-12-31
"667",1989-07-01,"TB3MS",7.88,2023-12-31,2023-12-31
"668",1989-08-01,"TB3MS",7.9,2023-12-31,2023-12-31
"669",1989-09-01,"TB3MS",7.75,2023-12-31,2023-12-31
"670",1989-10-01,"TB3MS",7.64,2023-12-31,2023-12-31
"671",1989-11-01,"TB3MS",7.69,2023-12-31,2023-12-31
"672",1989-12-01,"TB3MS",7.63,2023-12-31,2023-12-31
"673",1990-01-01,"TB3MS",7.64,2023-12-31,2023-12-31
"674",1990-02-01,"TB3MS",7.74,2023-12-31,2023-12-31
"675",1990-03-01,"TB3MS",7.9,2023-12-31,2023-12-31
"676",1990-04-01,"TB3MS",7.77,2023-12-31,2023-12-31
"677",1990-05-01,"TB3MS",7.74,2023-12-31,2023-12-31
"678",1990-06-01,"TB3MS",7.73,2023-12-31,2023-12-31
"679",1990-07-01,"TB3MS",7.62,2023-12-31,2023-12-31
"680",1990-08-01,"TB3MS",7.45,2023-12-31,2023-12-31
"681",1990-09-01,"TB3MS",7.36,2023-12-31,2023-12-31
"682",1990-10-01,"TB3MS",7.17,2023-12-31,2023-12-31
"683",1990-11-01,"TB3MS",7.06,2023-12-31,2023-12-31
"684",1990-12-01,"TB3MS",6.74,2023-12-31,2023-12-31
"685",1991-01-01,"TB3MS",6.22,2023-12-31,2023-12-31
"686",1991-02-01,"TB3MS",5.94,2023-12-31,2023-12-31
"687",1991-03-01,"TB3MS",5.91,2023-12-31,2023-12-31
"688",1991-04-01,"TB3MS",5.65,2023-12-31,2023-12-31
"689",1991-05-01,"TB3MS",5.46,2023-12-31,2023-12-31
"690",1991-06-01,"TB3MS",5.57,2023-12-31,2023-12-31
"691",1991-07-01,"TB3MS",5.58,2023-12-31,2023-12-31
"692",1991-08-01,"TB3MS",5.33,2023-12-31,2023-12-31
"693",1991-09-01,"TB3MS",5.22,2023-12-31,2023-12-31
"694",1991-10-01,"TB3MS",4.99,2023-12-31,2023-12-31
"695",1991-11-01,"TB3MS",4.56,2023-12-31,2023-12-31
"696",1991-12-01,"TB3MS",4.07,2023-12-31,2023-12-31
"697",1992-01-01,"TB3MS",3.8,2023-12-31,2023-12-31
"698",1992-02-01,"TB3MS",3.84,2023-12-31,2023-12-31
"699",1992-03-01,"TB3MS",4.04,2023-12-31,2023-12-31
"700",1992-04-01,"TB3MS",3.75,2023-12-31,2023-12-31
"701",1992-05-01,"TB3MS",3.63,2023-12-31,2023-12-31
"702",1992-06-01,"TB3MS",3.66,2023-12-31,2023-12-31
"703",1992-07-01,"TB3MS",3.21,2023-12-31,2023-12-31
"704",1992-08-01,"TB3MS",3.13,2023-12-31,2023-12-31
"705",1992-09-01,"TB3MS",2.91,2023-12-31,2023-12-31
"706",1992-10-01,"TB3MS",2.86,2023-12-31,2023-12-31
"707",1992-11-01,"TB3MS",3.13,2023-12-31,2023-12-31
"708",1992-12-01,"TB3MS",3.22,2023-12-31,2023-12-31
"709",1993-01-01,"TB3MS",3,2023-12-31,2023-12-31
"710",1993-02-01,"TB3MS",2.93,2023-12-31,2023-12-31
"711",1993-03-01,"TB3MS",2.95,2023-12-31,2023-12-31
"712",1993-04-01,"TB3MS",2.87,2023-12-31,2023-12-31
"713",1993-05-01,"TB3MS",2.96,2023-12-31,2023-12-31
"714",1993-06-01,"TB3MS",3.07,2023-12-31,2023-12-31
"715",1993-07-01,"TB3MS",3.04,2023-12-31,2023-12-31
"716",1993-08-01,"TB3MS",3.02,2023-12-31,2023-12-31
"717",1993-09-01,"TB3MS",2.95,2023-12-31,2023-12-31
"718",1993-10-01,"TB3MS",3.02,2023-12-31,2023-12-31
"719",1993-11-01,"TB3MS",3.1,2023-12-31,2023-12-31
"720",1993-12-01,"TB3MS",3.06,2023-12-31,2023-12-31
"721",1994-01-01,"TB3MS",2.98,2023-12-31,2023-12-31
"722",1994-02-01,"TB3MS",3.25,2023-12-31,2023-12-31
"723",1994-03-01,"TB3MS",3.5,2023-12-31,2023-12-31
"724",1994-04-01,"TB3MS",3.68,2023-12-31,2023-12-31
"725",1994-05-01,"TB3MS",4.14,2023-12-31,2023-12-31
"726",1994-06-01,"TB3MS",4.14,2023-12-31,2023-12-31
"727",1994-07-01,"TB3MS",4.33,2023-12-31,2023-12-31
"728",1994-08-01,"TB3MS",4.48,2023-12-31,2023-12-31
"729",1994-09-01,"TB3MS",4.62,2023-12-31,2023-12-31
"730",1994-10-01,"TB3MS",4.95,2023-12-31,2023-12-31
"731",1994-11-01,"TB3MS",5.29,2023-12-31,2023-12-31
"732",1994-12-01,"TB3MS",5.6,2023-12-31,2023-12-31
"733",1995-01-01,"TB3MS",5.71,2023-12-31,2023-12-31
"734",1995-02-01,"TB3MS",5.77,2023-12-31,2023-12-31
"735",1995-03-01,"TB3MS",5.73,2023-12-31,2023-12-31
"736",1995-04-01,"TB3MS",5.65,2023-12-31,2023-12-31
"737",1995-05-01,"TB3MS",5.67,2023-12-31,2023-12-31
"738",1995-06-01,"TB3MS",5.47,2023-12-31,2023-12-31
"739",1995-07-01,"TB3MS",5.42,2023-12-31,2023-12-31
"740",1995-08-01,"TB3MS",5.4,2023-12-31,2023-12-31
"741",1995-09-01,"TB3MS",5.28,2023-12-31,2023-12-31
"742",1995-10-01,"TB3MS",5.28,2023-12-31,2023-12-31
"743",1995-11-01,"TB3MS",5.36,2023-12-31,2023-12-31
"744",1995-12-01,"TB3MS",5.14,2023-12-31,2023-12-31
"745",1996-01-01,"TB3MS",5,2023-12-31,2023-12-31
"746",1996-02-01,"TB3MS",4.83,2023-12-31,2023-12-31
"747",1996-03-01,"TB3MS",4.96,2023-12-31,2023-12-31
"748",1996-04-01,"TB3MS",4.95,2023-12-31,2023-12-31
"749",1996-05-01,"TB3MS",5.02,2023-12-31,2023-12-31
"750",1996-06-01,"TB3MS",5.09,2023-12-31,2023-12-31
"751",1996-07-01,"TB3MS",5.15,2023-12-31,2023-12-31
"752",1996-08-01,"TB3MS",5.05,2023-12-31,2023-12-31
"753",1996-09-01,"TB3MS",5.09,2023-12-31,2023-12-31
"754",1996-10-01,"TB3MS",4.99,2023-12-31,2023-12-31
"755",1996-11-01,"TB3MS",5.03,2023-12-31,2023-12-31
"756",1996-12-01,"TB3MS",4.91,2023-12-31,2023-12-31
"757",1997-01-01,"TB3MS",5.03,2023-12-31,2023-12-31
"758",1997-02-01,"TB3MS",5.01,2023-12-31,2023-12-31
"759",1997-03-01,"TB3MS",5.14,2023-12-31,2023-12-31
"760",1997-04-01,"TB3MS",5.16,2023-12-31,2023-12-31
"761",1997-05-01,"TB3MS",5.05,2023-12-31,2023-12-31
"762",1997-06-01,"TB3MS",4.93,2023-12-31,2023-12-31
"763",1997-07-01,"TB3MS",5.05,2023-12-31,2023-12-31
"764",1997-08-01,"TB3MS",5.14,2023-12-31,2023-12-31
"765",1997-09-01,"TB3MS",4.95,2023-12-31,2023-12-31
"766",1997-10-01,"TB3MS",4.97,2023-12-31,2023-12-31
"767",1997-11-01,"TB3MS",5.14,2023-12-31,2023-12-31
"768",1997-12-01,"TB3MS",5.16,2023-12-31,2023-12-31
"769",1998-01-01,"TB3MS",5.04,2023-12-31,2023-12-31
"770",1998-02-01,"TB3MS",5.09,2023-12-31,2023-12-31
"771",1998-03-01,"TB3MS",5.03,2023-12-31,2023-12-31
"772",1998-04-01,"TB3MS",4.95,2023-12-31,2023-12-31
"773",1998-05-01,"TB3MS",5,2023-12-31,2023-12-31
"774",1998-06-01,"TB3MS",4.98,2023-12-31,2023-12-31
"775",1998-07-01,"TB3MS",4.96,2023-12-31,2023-12-31
"776",1998-08-01,"TB3MS",4.9,2023-12-31,2023-12-31
"777",1998-09-01,"TB3MS",4.61,2023-12-31,2023-12-31
"778",1998-10-01,"TB3MS",3.96,2023-12-31,2023-12-31
"779",1998-11-01,"TB3MS",4.41,2023-12-31,2023-12-31
"780",1998-12-01,"TB3MS",4.39,2023-12-31,2023-12-31
"781",1999-01-01,"TB3MS",4.34,2023-12-31,2023-12-31
"782",1999-02-01,"TB3MS",4.44,2023-12-31,2023-12-31
"783",1999-03-01,"TB3MS",4.44,2023-12-31,2023-12-31
"784",1999-04-01,"TB3MS",4.29,2023-12-31,2023-12-31
"785",1999-05-01,"TB3MS",4.5,2023-12-31,2023-12-31
"786",1999-06-01,"TB3MS",4.57,2023-12-31,2023-12-31
"787",1999-07-01,"TB3MS",4.55,2023-12-31,2023-12-31
"788",1999-08-01,"TB3MS",4.72,2023-12-31,2023-12-31
"789",1999-09-01,"TB3MS",4.68,2023-12-31,2023-12-31
"790",1999-10-01,"TB3MS",4.86,2023-12-31,2023-12-31
"791",1999-11-01,"TB3MS",5.07,2023-12-31,2023-12-31
"792",1999-12-01,"TB3MS",5.2,2023-12-31,2023-12-31
"793",2000-01-01,"TB3MS",5.32,2023-12-31,2023-12-31
"794",2000-02-01,"TB3MS",5.55,2023-12-31,2023-12-31
"795",2000-03-01,"TB3MS",5.69,2023-12-31,2023-12-31
"796",2000-04-01,"TB3MS",5.66,2023-12-31,2023-12-31
"797",2000-05-01,"TB3MS",5.79,2023-12-31,2023-12-31
"798",2000-06-01,"TB3MS",5.69,2023-12-31,2023-12-31
"799",2000-07-01,"TB3MS",5.96,2023-12-31,2023-12-31
"800",2000-08-01,"TB3MS",6.09,2023-12-31,2023-12-31
"801",2000-09-01,"TB3MS",6,2023-12-31,2023-12-31
"802",2000-10-01,"TB3MS",6.11,2023-12-31,2023-12-31
"803",2000-11-01,"TB3MS",6.17,2023-12-31,2023-12-31
"804",2000-12-01,"TB3MS",5.77,2023-12-31,2023-12-31
"805",2001-01-01,"TB3MS",5.15,2023-12-31,2023-12-31
"806",2001-02-01,"TB3MS",4.88,2023-12-31,2023-12-31
"807",2001-03-01,"TB3MS",4.42,2023-12-31,2023-12-31
"808",2001-04-01,"TB3MS",3.87,2023-12-31,2023-12-31
"809",2001-05-01,"TB3MS",3.62,2023-12-31,2023-12-31
"810",2001-06-01,"TB3MS",3.49,2023-12-31,2023-12-31
"811",2001-07-01,"TB3MS",3.51,2023-12-31,2023-12-31
"812",2001-08-01,"TB3MS",3.36,2023-12-31,2023-12-31
"813",2001-09-01,"TB3MS",2.64,2023-12-31,2023-12-31
"814",2001-10-01,"TB3MS",2.16,2023-12-31,2023-12-31
"815",2001-11-01,"TB3MS",1.87,2023-12-31,2023-12-31
"816",2001-12-01,"TB3MS",1.69,2023-12-31,2023-12-31
"817",2002-01-01,"TB3MS",1.65,2023-12-31,2023-12-31
"818",2002-02-01,"TB3MS",1.72,2023-12-31,2023-12-31
"819",2002-03-01,"TB3MS",1.79,2023-12-31,2023-12-31
"820",2002-04-01,"TB3MS",1.71,2023-12-31,2023-12-31
"821",2002-05-01,"TB3MS",1.73,2023-12-31,2023-12-31
"822",2002-06-01,"TB3MS",1.7,2023-12-31,2023-12-31
"823",2002-07-01,"TB3MS",1.68,2023-12-31,2023-12-31
"824",2002-08-01,"TB3MS",1.62,2023-12-31,2023-12-31
"825",2002-09-01,"TB3MS",1.63,2023-12-31,2023-12-31
"826",2002-10-01,"TB3MS",1.58,2023-12-31,2023-12-31
"827",2002-11-01,"TB3MS",1.23,2023-12-31,2023-12-31
"828",2002-12-01,"TB3MS",1.19,2023-12-31,2023-12-31
"829",2003-01-01,"TB3MS",1.17,2023-12-31,2023-12-31
"830",2003-02-01,"TB3MS",1.17,2023-12-31,2023-12-31
"831",2003-03-01,"TB3MS",1.13,2023-12-31,2023-12-31
"832",2003-04-01,"TB3MS",1.13,2023-12-31,2023-12-31
"833",2003-05-01,"TB3MS",1.07,2023-12-31,2023-12-31
"834",2003-06-01,"TB3MS",0.92,2023-12-31,2023-12-31
"835",2003-07-01,"TB3MS",0.9,2023-12-31,2023-12-31
"836",2003-08-01,"TB3MS",0.95,2023-12-31,2023-12-31
"837",2003-09-01,"TB3MS",0.94,2023-12-31,2023-12-31
"838",2003-10-01,"TB3MS",0.92,2023-12-31,2023-12-31
"839",2003-11-01,"TB3MS",0.93,2023-12-31,2023-12-31
"840",2003-12-01,"TB3MS",0.9,2023-12-31,2023-12-31
"841",2004-01-01,"TB3MS",0.88,2023-12-31,2023-12-31
"842",2004-02-01,"TB3MS",0.93,2023-12-31,2023-12-31
"843",2004-03-01,"TB3MS",0.94,2023-12-31,2023-12-31
"844",2004-04-01,"TB3MS",0.94,2023-12-31,2023-12-31
"845",2004-05-01,"TB3MS",1.02,2023-12-31,2023-12-31
"846",2004-06-01,"TB3MS",1.27,2023-12-31,2023-12-31
"847",2004-07-01,"TB3MS",1.33,2023-12-31,2023-12-31
"848",2004-08-01,"TB3MS",1.48,2023-12-31,2023-12-31
"849",2004-09-01,"TB3MS",1.65,2023-12-31,2023-12-31
"850",2004-10-01,"TB3MS",1.76,2023-12-31,2023-12-31
"851",2004-11-01,"TB3MS",2.07,2023-12-31,2023-12-31
"852",2004-12-01,"TB3MS",2.19,2023-12-31,2023-12-31
"853",2005-01-01,"TB3MS",2.33,2023-12-31,2023-12-31
"854",2005-02-01,"TB3MS",2.54,2023-12-31,2023-12-31
"855",2005-03-01,"TB3MS",2.74,2023-12-31,2023-12-31
"856",2005-04-01,"TB3MS",2.78,2023-12-31,2023-12-31
"857",2005-05-01,"TB3MS",2.84,2023-12-31,2023-12-31
"858",2005-06-01,"TB3MS",2.97,2023-12-31,2023-12-31
"859",2005-07-01,"TB3MS",3.22,2023-12-31,2023-12-31
"860",2005-08-01,"TB3MS",3.44,2023-12-31,2023-12-31
"861",2005-09-01,"TB3MS",3.42,2023-12-31,2023-12-31
"862",2005-10-01,"TB3MS",3.71,2023-12-31,2023-12-31
"863",2005-11-01,"TB3MS",3.88,2023-12-31,2023-12-31
"864",2005-12-01,"TB3MS",3.89,2023-12-31,2023-12-31
"865",2006-01-01,"TB3MS",4.24,2023-12-31,2023-12-31
"866",2006-02-01,"TB3MS",4.43,2023-12-31,2023-12-31
"867",2006-03-01,"TB3MS",4.51,2023-12-31,2023-12-31
"868",2006-04-01,"TB3MS",4.6,2023-12-31,2023-12-31
"869",2006-05-01,"TB3MS",4.72,2023-12-31,2023-12-31
"870",2006-06-01,"TB3MS",4.79,2023-12-31,2023-12-31
"871",2006-07-01,"TB3MS",4.95,2023-12-31,2023-12-31
"872",2006-08-01,"TB3MS",4.96,2023-12-31,2023-12-31
"873",2006-09-01,"TB3MS",4.81,2023-12-31,2023-12-31
"874",2006-10-01,"TB3MS",4.92,2023-12-31,2023-12-31
"875",2006-11-01,"TB3MS",4.94,2023-12-31,2023-12-31
"876",2006-12-01,"TB3MS",4.85,2023-12-31,2023-12-31
"877",2007-01-01,"TB3MS",4.98,2023-12-31,2023-12-31
"878",2007-02-01,"TB3MS",5.03,2023-12-31,2023-12-31
"879",2007-03-01,"TB3MS",4.94,2023-12-31,2023-12-31
"880",2007-04-01,"TB3MS",4.87,2023-12-31,2023-12-31
"881",2007-05-01,"TB3MS",4.73,2023-12-31,2023-12-31
"882",2007-06-01,"TB3MS",4.61,2023-12-31,2023-12-31
"883",2007-07-01,"TB3MS",4.82,2023-12-31,2023-12-31
"884",2007-08-01,"TB3MS",4.2,2023-12-31,2023-12-31
"885",2007-09-01,"TB3MS",3.89,2023-12-31,2023-12-31
"886",2007-10-01,"TB3MS",3.9,2023-12-31,2023-12-31
"887",2007-11-01,"TB3MS",3.27,2023-12-31,2023-12-31
"888",2007-12-01,"TB3MS",3,2023-12-31,2023-12-31
"889",2008-01-01,"TB3MS",2.75,2023-12-31,2023-12-31
"890",2008-02-01,"TB3MS",2.12,2023-12-31,2023-12-31
"891",2008-03-01,"TB3MS",1.26,2023-12-31,2023-12-31
"892",2008-04-01,"TB3MS",1.29,2023-12-31,2023-12-31
"893",2008-05-01,"TB3MS",1.73,2023-12-31,2023-12-31
"894",2008-06-01,"TB3MS",1.86,2023-12-31,2023-12-31
"895",2008-07-01,"TB3MS",1.63,2023-12-31,2023-12-31
"896",2008-08-01,"TB3MS",1.72,2023-12-31,2023-12-31
"897",2008-09-01,"TB3MS",1.13,2023-12-31,2023-12-31
"898",2008-10-01,"TB3MS",0.67,2023-12-31,2023-12-31
"899",2008-11-01,"TB3MS",0.19,2023-12-31,2023-12-31
"900",2008-12-01,"TB3MS",0.03,2023-12-31,2023-12-31
"901",2009-01-01,"TB3MS",0.13,2023-12-31,2023-12-31
"902",2009-02-01,"TB3MS",0.3,2023-12-31,2023-12-31
"903",2009-03-01,"TB3MS",0.21,2023-12-31,2023-12-31
"904",2009-04-01,"TB3MS",0.16,2023-12-31,2023-12-31
"905",2009-05-01,"TB3MS",0.18,2023-12-31,2023-12-31
"906",2009-06-01,"TB3MS",0.18,2023-12-31,2023-12-31
"907",2009-07-01,"TB3MS",0.18,2023-12-31,2023-12-31
"908",2009-08-01,"TB3MS",0.17,2023-12-31,2023-12-31
"909",2009-09-01,"TB3MS",0.12,2023-12-31,2023-12-31
"910",2009-10-01,"TB3MS",0.07,2023-12-31,2023-12-31
"911",2009-11-01,"TB3MS",0.05,2023-12-31,2023-12-31
"912",2009-12-01,"TB3MS",0.05,2023-12-31,2023-12-31
"913",2010-01-01,"TB3MS",0.06,2023-12-31,2023-12-31
"914",2010-02-01,"TB3MS",0.11,2023-12-31,2023-12-31
"915",2010-03-01,"TB3MS",0.15,2023-12-31,2023-12-31
"916",2010-04-01,"TB3MS",0.16,2023-12-31,2023-12-31
"917",2010-05-01,"TB3MS",0.16,2023-12-31,2023-12-31
"918",2010-06-01,"TB3MS",0.12,2023-12-31,2023-12-31
"919",2010-07-01,"TB3MS",0.16,2023-12-31,2023-12-31
"920",2010-08-01,"TB3MS",0.16,2023-12-31,2023-12-31
"921",2010-09-01,"TB3MS",0.15,2023-12-31,2023-12-31
"922",2010-10-01,"TB3MS",0.13,2023-12-31,2023-12-31
"923",2010-11-01,"TB3MS",0.14,2023-12-31,2023-12-31
"924",2010-12-01,"TB3MS",0.14,2023-12-31,2023-12-31
"925",2011-01-01,"TB3MS",0.15,2023-12-31,2023-12-31
"926",2011-02-01,"TB3MS",0.13,2023-12-31,2023-12-31
"927",2011-03-01,"TB3MS",0.1,2023-12-31,2023-12-31
"928",2011-04-01,"TB3MS",0.06,2023-12-31,2023-12-31
"929",2011-05-01,"TB3MS",0.04,2023-12-31,2023-12-31
"930",2011-06-01,"TB3MS",0.04,2023-12-31,2023-12-31
"931",2011-07-01,"TB3MS",0.04,2023-12-31,2023-12-31
"932",2011-08-01,"TB3MS",0.02,2023-12-31,2023-12-31
"933",2011-09-01,"TB3MS",0.01,2023-12-31,2023-12-31
"934",2011-10-01,"TB3MS",0.02,2023-12-31,2023-12-31
"935",2011-11-01,"TB3MS",0.01,2023-12-31,2023-12-31
"936",2011-12-01,"TB3MS",0.01,2023-12-31,2023-12-31
"937",2012-01-01,"TB3MS",0.03,2023-12-31,2023-12-31
"938",2012-02-01,"TB3MS",0.09,2023-12-31,2023-12-31
"939",2012-03-01,"TB3MS",0.08,2023-12-31,2023-12-31
"940",2012-04-01,"TB3MS",0.08,2023-12-31,2023-12-31
"941",2012-05-01,"TB3MS",0.09,2023-12-31,2023-12-31
"942",2012-06-01,"TB3MS",0.09,2023-12-31,2023-12-31
"943",2012-07-01,"TB3MS",0.1,2023-12-31,2023-12-31
"944",2012-08-01,"TB3MS",0.1,2023-12-31,2023-12-31
"945",2012-09-01,"TB3MS",0.11,2023-12-31,2023-12-31
"946",2012-10-01,"TB3MS",0.1,2023-12-31,2023-12-31
"947",2012-11-01,"TB3MS",0.09,2023-12-31,2023-12-31
"948",2012-12-01,"TB3MS",0.07,2023-12-31,2023-12-31
"949",2013-01-01,"TB3MS",0.07,2023-12-31,2023-12-31
"950",2013-02-01,"TB3MS",0.1,2023-12-31,2023-12-31
"951",2013-03-01,"TB3MS",0.09,2023-12-31,2023-12-31
"952",2013-04-01,"TB3MS",0.06,2023-12-31,2023-12-31
"953",2013-05-01,"TB3MS",0.04,2023-12-31,2023-12-31
"954",2013-06-01,"TB3MS",0.05,2023-12-31,2023-12-31
"955",2013-07-01,"TB3MS",0.04,2023-12-31,2023-12-31
"956",2013-08-01,"TB3MS",0.04,2023-12-31,2023-12-31
"957",2013-09-01,"TB3MS",0.02,2023-12-31,2023-12-31
"958",2013-10-01,"TB3MS",0.05,2023-12-31,2023-12-31
"959",2013-11-01,"TB3MS",0.07,2023-12-31,2023-12-31
"960",2013-12-01,"TB3MS",0.07,2023-12-31,2023-12-31
"961",2014-01-01,"TB3MS",0.04,2023-12-31,2023-12-31
"962",2014-02-01,"TB3MS",0.05,2023-12-31,2023-12-31
"963",2014-03-01,"TB3MS",0.05,2023-12-31,2023-12-31
"964",2014-04-01,"TB3MS",0.03,2023-12-31,2023-12-31
"965",2014-05-01,"TB3MS",0.03,2023-12-31,2023-12-31
"966",2014-06-01,"TB3MS",0.04,2023-12-31,2023-12-31
"967",2014-07-01,"TB3MS",0.03,2023-12-31,2023-12-31
"968",2014-08-01,"TB3MS",0.03,2023-12-31,2023-12-31
"969",2014-09-01,"TB3MS",0.02,2023-12-31,2023-12-31
"970",2014-10-01,"TB3MS",0.02,2023-12-31,2023-12-31
"971",2014-11-01,"TB3MS",0.02,2023-12-31,2023-12-31
"972",2014-12-01,"TB3MS",0.03,2023-12-31,2023-12-31
"973",2015-01-01,"TB3MS",0.03,2023-12-31,2023-12-31
"974",2015-02-01,"TB3MS",0.02,2023-12-31,2023-12-31
"975",2015-03-01,"TB3MS",0.03,2023-12-31,2023-12-31
"976",2015-04-01,"TB3MS",0.02,2023-12-31,2023-12-31
"977",2015-05-01,"TB3MS",0.02,2023-12-31,2023-12-31
"978",2015-06-01,"TB3MS",0.02,2023-12-31,2023-12-31
"979",2015-07-01,"TB3MS",0.03,2023-12-31,2023-12-31
"980",2015-08-01,"TB3MS",0.07,2023-12-31,2023-12-31
"981",2015-09-01,"TB3MS",0.02,2023-12-31,2023-12-31
"982",2015-10-01,"TB3MS",0.02,2023-12-31,2023-12-31
"983",2015-11-01,"TB3MS",0.12,2023-12-31,2023-12-31
"984",2015-12-01,"TB3MS",0.23,2023-12-31,2023-12-31
"985",2016-01-01,"TB3MS",0.26,2023-12-31,2023-12-31
"986",2016-02-01,"TB3MS",0.31,2023-12-31,2023-12-31
"987",2016-03-01,"TB3MS",0.29,2023-12-31,2023-12-31
"988",2016-04-01,"TB3MS",0.23,2023-12-31,2023-12-31
"989",2016-05-01,"TB3MS",0.27,2023-12-31,2023-12-31
"990",2016-06-01,"TB3MS",0.27,2023-12-31,2023-12-31
"991",2016-07-01,"TB3MS",0.3,2023-12-31,2023-12-31
"992",2016-08-01,"TB3MS",0.3,2023-12-31,2023-12-31
"993",2016-09-01,"TB3MS",0.29,2023-12-31,2023-12-31
"994",2016-10-01,"TB3MS",0.33,2023-12-31,2023-12-31
"995",2016-11-01,"TB3MS",0.45,2023-12-31,2023-12-31
"996",2016-12-01,"TB3MS",0.51,2023-12-31,2023-12-31
"997",2017-01-01,"TB3MS",0.51,2023-12-31,2023-12-31
"998",2017-02-01,"TB3MS",0.52,2023-12-31,2023-12-31
"999",2017-03-01,"TB3MS",0.74,2023-12-31,2023-12-31
"1000",2017-04-01,"TB3MS",0.8,2023-12-31,2023-12-31
"1001",2017-05-01,"TB3MS",0.89,2023-12-31,2023-12-31
"1002",2017-06-01,"TB3MS",0.98,2023-12-31,2023-12-31
"1003",2017-07-01,"TB3MS",1.07,2023-12-31,2023-12-31
"1004",2017-08-01,"TB3MS",1.01,2023-12-31,2023-12-31
"1005",2017-09-01,"TB3MS",1.03,2023-12-31,2023-12-31
"1006",2017-10-01,"TB3MS",1.07,2023-12-31,2023-12-31
"1007",2017-11-01,"TB3MS",1.23,2023-12-31,2023-12-31
"1008",2017-12-01,"TB3MS",1.32,2023-12-31,2023-12-31
"1009",2018-01-01,"TB3MS",1.41,2023-12-31,2023-12-31
"1010",2018-02-01,"TB3MS",1.57,2023-12-31,2023-12-31
"1011",2018-03-01,"TB3MS",1.7,2023-12-31,2023-12-31
"1012",2018-04-01,"TB3MS",1.76,2023-12-31,2023-12-31
"1013",2018-05-01,"TB3MS",1.86,2023-12-31,2023-12-31
"1014",2018-06-01,"TB3MS",1.9,2023-12-31,2023-12-31
"1015",2018-07-01,"TB3MS",1.96,2023-12-31,2023-12-31
"1016",2018-08-01,"TB3MS",2.03,2023-12-31,2023-12-31
"1017",2018-09-01,"TB3MS",2.13,2023-12-31,2023-12-31
"1018",2018-10-01,"TB3MS",2.25,2023-12-31,2023-12-31
"1019",2018-11-01,"TB3MS",2.33,2023-12-31,2023-12-31
"1020",2018-12-01,"TB3MS",2.37,2023-12-31,2023-12-31
"1021",2019-01-01,"TB3MS",2.37,2023-12-31,2023-12-31
"1022",2019-02-01,"TB3MS",2.39,2023-12-31,2023-12-31
"1023",2019-03-01,"TB3MS",2.4,2023-12-31,2023-12-31
"1024",2019-04-01,"TB3MS",2.38,2023-12-31,2023-12-31
"1025",2019-05-01,"TB3MS",2.35,2023-12-31,2023-12-31
"1026",2019-06-01,"TB3MS",2.17,2023-12-31,2023-12-31
"1027",2019-07-01,"TB3MS",2.1,2023-12-31,2023-12-31
"1028",2019-08-01,"TB3MS",1.95,2023-12-31,2023-12-31
"1029",2019-09-01,"TB3MS",1.89,2023-12-31,2023-12-31
"1030",2019-10-01,"TB3MS",1.65,2023-12-31,2023-12-31
"1031",2019-11-01,"TB3MS",1.54,2023-12-31,2023-12-31
"1032",2019-12-01,"TB3MS",1.54,2023-12-31,2023-12-31
"1033",2020-01-01,"TB3MS",1.52,2023-12-31,2023-12-31
"1034",2020-02-01,"TB3MS",1.52,2023-12-31,2023-12-31
"1035",2020-03-01,"TB3MS",0.29,2023-12-31,2023-12-31
"1036",2020-04-01,"TB3MS",0.14,2023-12-31,2023-12-31
"1037",2020-05-01,"TB3MS",0.13,2023-12-31,2023-12-31
"1038",2020-06-01,"TB3MS",0.16,2023-12-31,2023-12-31
"1039",2020-07-01,"TB3MS",0.13,2023-12-31,2023-12-31
"1040",2020-08-01,"TB3MS",0.1,2023-12-31,2023-12-31
"1041",2020-09-01,"TB3MS",0.11,2023-12-31,2023-12-31
"1042",2020-10-01,"TB3MS",0.1,2023-12-31,2023-12-31
"1043",2020-11-01,"TB3MS",0.09,2023-12-31,2023-12-31
"1044",2020-12-01,"TB3MS",0.09,2023-12-31,2023-12-31
"1045",2021-01-01,"TB3MS",0.08,2023-12-31,2023-12-31
"1046",2021-02-01,"TB3MS",0.04,2023-12-31,2023-12-31
"1047",2021-03-01,"TB3MS",0.03,2023-12-31,2023-12-31
"1048",2021-04-01,"TB3MS",0.02,2023-12-31,2023-12-31
"1049",2021-05-01,"TB3MS",0.02,2023-12-31,2023-12-31
"1050",2021-06-01,"TB3MS",0.04,2023-12-31,2023-12-31
"1051",2021-07-01,"TB3MS",0.05,2023-12-31,2023-12-31
"1052",2021-08-01,"TB3MS",0.05,2023-12-31,2023-12-31
"1053",2021-09-01,"TB3MS",0.04,2023-12-31,2023-12-31
"1054",2021-10-01,"TB3MS",0.05,2023-12-31,2023-12-31
"1055",2021-11-01,"TB3MS",0.05,2023-12-31,2023-12-31
"1056",2021-12-01,"TB3MS",0.06,2023-12-31,2023-12-31
"1057",2022-01-01,"TB3MS",0.15,2023-12-31,2023-12-31
"1058",2022-02-01,"TB3MS",0.33,2023-12-31,2023-12-31
"1059",2022-03-01,"TB3MS",0.44,2023-12-31,2023-12-31
"1060",2022-04-01,"TB3MS",0.76,2023-12-31,2023-12-31
"1061",2022-05-01,"TB3MS",0.98,2023-12-31,2023-12-31
"1062",2022-06-01,"TB3MS",1.49,2023-12-31,2023-12-31
"1063",2022-07-01,"TB3MS",2.23,2023-12-31,2023-12-31
"1064",2022-08-01,"TB3MS",2.63,2023-12-31,2023-12-31
"1065",2022-09-01,"TB3MS",3.13,2023-12-31,2023-12-31
"1066",2022-10-01,"TB3MS",3.72,2023-12-31,2023-12-31
"1067",2022-11-01,"TB3MS",4.15,2023-12-31,2023-12-31
"1068",2022-12-01,"TB3MS",4.25,2023-12-31,2023-12-31
"1069",2023-01-01,"TB3MS",4.54,2023-12-31,2023-12-31
"1070",2023-02-01,"TB3MS",4.65,2023-12-31,2023-12-31
"1071",2023-03-01,"TB3MS",4.69,2023-12-31,2023-12-31
"1072",2023-04-01,"TB3MS",4.92,2023-12-31,2023-12-31
"1073",2023-05-01,"TB3MS",5.14,2023-12-31,2023-12-31
"1074",2023-06-01,"TB3MS",5.16,2023-12-31,2023-12-31
"1075",2023-07-01,"TB3MS",5.25,2023-12-31,2023-12-31
"1076",2023-08-01,"TB3MS",5.3,2023-12-31,2023-12-31
"1077",2023-09-01,"TB3MS",5.32,2023-12-31,2023-12-31
"1078",2023-10-01,"TB3MS",5.34,2023-12-31,2023-12-31
"1079",2023-11-01,"TB3MS",5.27,2023-12-31,2023-12-31
